Treatment,Tray,Family,FamilyMember,FamilyPhenology,ID,DOYFirstBolt,StemDiameter1,StemDiameter2,StemDiameter1Notes,DOYPlantWilt,FloweringDOY,HeightFirstFlower,FlowerDiameter1,FlowerDiameter2,FlowerDiameter3,AverageFlowerDiameter,Leaf_Images_Number,Stomata_Circled,Stomata_Counted,Stomata_Number_Image1,Stomata_Number_Image2,Stomata_Number_Image3,Stomata_Number_Average,Stomata_Density,Stomata_Length_Image1_1,Stomata_Length_Image1_2,Stomata_Length_Image1_3,Stomata_Length_Image2_1,Stomata_Length_Image2_2,Stomata_Length_Image2_3,Stomata_Length_Image3_1,Stomata_Length_Image3_2,Stomata_Length_Image3_3,Stomata_Length_Average,Fruit_Production,Fruit_Mass
Control,A,1,2,Early,57,179,1.04,3.86,NA,NA,188,180.93,8.57,11.05,10.88,10.16666667,3,yes,yes,12,10,10,10.66666667,121.4542282,1.7,1.685,2.132,1.431,1.722,1.562,2.07,1.519,1.706,17.25222222,1,0.4964
Control,A,1,3,Early,64,179,1.05,4.52,NA,NA,187,91.81,11.34,10.52,10.47,10.77666667,3,yes,yes,14,13,14,13.66666667,155.6132299,1.833,1.705,1.852,1.581,1.965,1.6,1.62,1.753,1.77,17.42111111,1,0.0694
Control,A,1,4,Early,70,179,1,2.47,NA,NA,185,93.82,8.24,10.76,8.96,9.32,3,yes,yes,20,16,21,19,216.340344,1.642,1.647,1.294,1.523,1.682,1.677,1.577,1.768,1.565,15.97222222,1,0.1649
Control,A,1,5,Early,77,179,1.3,3.3,NA,NA,188,146.79,10.95,11.1,10.41,10.82,3,yes,yes,8,11,8,9,102.4770051,1.989,1.958,1.927,1.955,1.688,1.551,1.821,1.863,1.876,18.47555556,0,NA
Control,A,1,6,Early,82,179,1.69,3.68,NA,NA,190,147.21,10.72,11.18,11.56,11.15333333,3,yes,yes,17,13,15,15,170.7950084,1.512,1.359,1.475,1.267,1.543,1.542,1.396,1.548,1.6,14.71333333,0,NA
Control,A,1,1,Early,136,179,0.57,2.04,NA,NA,190,74.95,10.83,9.06,10.26,10.05,3,yes,yes,11,10,7,9.333333333,106.2724497,1.441,1.219,1.236,1.366,1.271,1.359,1.364,1.248,1.315,13.13222222,1,0.1827
Control,A,2,1,EarlyIntermediate,88,179,1.39,3.37,NA,NA,186,126.59,10.71,9.25,10.27,10.07666667,3,yes,yes,10,5,11,8.666666667,98.68156042,2.06,1.867,1.938,1.859,2.069,2.094,1.899,1.845,1.798,19.36555556,1,0.4512
Control,A,2,2,EarlyIntermediate,139,179,1.97,4.01,NA,NA,195,310.56,11.88,12.04,11.45,11.79,3,yes,yes,8,7,6,7,79.70433726,1.851,2.008,1.55,1.749,1.712,1.566,1.82,2.291,2.219,18.62888889,0,NA
Control,A,2,3,EarlyIntermediate,145,179,0.44,4.18,NA,NA,189,123.13,12.75,11.93,12.86,12.51333333,3,yes,yes,11,9,11,10.33333333,117.6587836,2.098,1.729,1.762,1.752,1.684,2.165,1.964,2.142,2.042,19.26444444,0,NA
Control,A,2,4,EarlyIntermediate,152,179,1.64,3.46,NA,NA,188,90.12,10.4,13.25,11.39,11.68,3,yes,yes,14,10,12,12,136.6360067,1.637,1.7,1.638,1.659,1.655,1.951,1.58,1.603,1.673,16.77333333,1,0.477
Control,A,2,5,EarlyIntermediate,157,179,0.72,2.2,NA,NA,186,150.56,15.61,13.54,12.72,13.95666667,3,yes,yes,9,12,12,11,125.2496728,1.608,1.759,1.763,2.003,2.009,2.057,2.03,2.224,1.746,19.11,1,0.0917
Control,A,2,6,EarlyIntermediate,162,179,1.63,3.23,NA,NA,188,105.34,11.11,9.51,10.69,10.43666667,3,yes,yes,8,7,11,8.666666667,98.68156042,1.49,1.63,1.331,1.669,1.515,1.514,1.63,1.583,1.558,15.46666667,0,NA
Control,B,1,1,Early,40,179,1.17,2.59,NA,NA,187,94.42,9.94,8.76,10.96,9.886666667,3,yes,yes,9,10,9,9.333333333,106.2724497,1.776,1.886,1.854,1.811,2.072,2.062,1.922,2.024,1.686,18.99222222,1,0.2326
Control,B,1,2,Early,60,179,1.2,3.19,NA,NA,188,81.72,9.12,10.51,12.15,10.59333333,3,yes,yes,7,8,7,7.333333333,83.49978189,1.612,1.865,1.959,2.365,1.995,2.406,1.985,1.886,2.065,20.15333333,1,0.4451
Control,B,1,3,Early,65,179,0.85,2.38,NA,NA,189,67.99,10.18,8.64,8.45,9.09,3,yes,yes,7,9,8,8,91.09067116,2.001,1.509,1.596,1.731,2.068,1.821,1.641,1.506,1.751,17.36,1,0.0306
Control,B,1,4,Early,71,179,1.51,4.21,measured directly below cotelydon,NA,187,107.54,10.99,13.81,12.6,12.46666667,3,yes,yes,10,11,10,10.33333333,117.6587836,1.619,1.708,1.37,1.61,1.469,1.886,1.754,1.688,1.528,16.25777778,1,1.2707
Control,B,1,5,Early,78,179,1.12,3.38,NA,NA,188,94.75,10.49,12.14,12.08,11.57,3,yes,yes,9,11,15,11.66666667,132.8405621,1.644,1.904,1.969,2.085,1.805,1.449,1.376,1.665,1.558,17.17222222,0,NA
Control,B,1,6,Early,83,179,1.32,4.13,NA,NA,187,163.9,11.43,14.14,12.38,12.65,3,yes,yes,13,10,12,11.66666667,132.8405621,1.425,1.558,1.641,1.492,1.476,1.279,1.287,1.631,1.351,14.6,0,NA
Control,B,2,1,EarlyIntermediate,91,179,1.34,3.31,NA,NA,188,171.03,9.69,9.5,9.92,9.703333333,3,yes,yes,7,8,8,7.666666667,87.29522652,1.751,1.76,2.117,2.001,1.927,2.02,2.027,1.884,1.603,18.98888889,1,0.1371
Control,B,2,2,EarlyIntermediate,142,179,0.82,1.41,measured directly below the cotelydon,NA,187,68.59,13.11,12.55,12.92,12.86,3,yes,yes,9,9,11,9.666666667,110.0678943,1.767,1.47,1.97,1.635,1.419,1.792,1.481,1.636,1.487,16.28555556,0,NA
Control,B,2,3,EarlyIntermediate,146,179,1.46,3,NA,NA,188,132.7,12.15,12.61,14.4,13.05333333,3,yes,yes,8,8,16,10.66666667,121.4542282,1.727,1.382,1.517,1.616,1.554,1.265,1.446,1.615,0.937,14.51,0,NA
Control,B,2,4,EarlyIntermediate,154,179,0.72,2.61,NA,NA,188,100.59,11.69,12.02,13.65,12.45333333,3,yes,yes,8,7,9,8,91.09067116,1.781,1.693,1.514,1.457,1.334,1.687,1.57,1.641,1.446,15.69222222,0,NA
Control,B,2,5,EarlyIntermediate,158,179,0.92,4.2,NA,NA,189,114.29,11.3,11.79,13.88,12.32333333,3,yes,yes,13,17,14,14.66666667,166.9995638,1.241,1.33,1.524,1.295,1.538,1.407,1.382,1.595,1.516,14.25333333,1,0.7858
Control,B,2,6,EarlyIntermediate,163,179,0.78,3.88,NA,NA,189,93.09,15.56,12.07,11.72,13.11666667,3,yes,yes,8,9,8,8.333333333,94.88611579,2.189,1.881,1.974,1.958,1.947,1.92,1.925,1.832,1.997,19.58111111,1,0.1132
Control,C,1,3,LateIntermediate,46,180,1.91,3.52,NA,NA,190,148.84,11.94,13.95,12.3,12.73,3,yes,yes,5,4,4,4.333333333,49.34078021,1.87,1.839,2.104,1.928,1.948,1.933,2.187,2.341,1.813,19.95888889,0,NA
Control,C,1,4,LateIntermediate,75,180,1.58,4.18,NA,NA,188,117.11,10.88,13.8,10,11.56,3,yes,yes,11,12,10,11,125.2496728,1.997,1.74,2.129,2.121,1.947,2,1.523,1.74,1.775,18.85777778,1,0.096
Control,C,1,5,LateIntermediate,89,180,1.44,4.4,NA,NA,189,177.1,10.41,12.95,11.02,11.46,3,yes,yes,9,7,5,7,79.70433726,1.682,1.545,2.143,1.729,1.766,1.485,1.707,2.005,2.018,17.86666667,1,0.0561
Control,C,1,6,LateIntermediate,149,180,0.63,1.01,NA,NA,198,70.94,9.22,8.4,9.27,8.963333333,3,yes,yes,9,11,14,11.33333333,129.0451175,1.732,1.652,1.427,1.484,1.568,1.79,1.744,1.618,1.48,16.10555556,0,NA
Control,C,1,1,LateIntermediate,166,179,0.95,2.93,NA,NA,188,163.04,13.74,14.54,13.63,13.97,3,yes,yes,6,5,7,6,68.31800337,1.574,1.624,1.596,1.844,1.577,1.607,1.508,1.624,1.28,15.81555556,1,1.1649
Control,C,1,2,LateIntermediate,178,179,0.7,3.17,NA,NA,189,141.76,11.1,13.21,13.28,12.53,3,yes,yes,7,6,9,7.333333333,83.49978189,1.513,1.715,1.31,1.756,2.008,1.952,1.669,1.822,2.107,17.61333333,1,0.3597
Control,C,2,2,Late,49,182,1.28,3.85,NA,NA,192,191.18,12.45,11.7,9.56,11.23666667,3,yes,yes,8,7,7,7.333333333,83.49978189,1.86,1.73,1.508,1.801,1.72,1.582,1.649,1.672,1.693,16.90555556,1,0.161
Control,C,2,5,Late,59,183,1.45,4.44,NA,NA,193,91.91,7.82,9.52,9.49,8.943333333,3,yes,yes,15,24,18,19,216.340344,1.439,1.45,1.37,1.188,1.345,0.912,1.665,1.686,1.398,13.83666667,0,NA
Control,C,2,3,Late,84,182,1.08,4.3,NA,NA,192,208.72,14.71,11.18,14.31,13.4,3,yes,yes,17,16,14,15.66666667,178.3858977,1.496,1.56,1.205,1.587,1.618,1.285,1.87,1.639,1.224,14.98222222,1,0.137
Control,C,2,6,Late,140,186,0.98,2.45,measured directly below the cotelydon,NA,NA,NA,NA,NA,NA,NA,3,yes,yes,47,47,43,45.66666667,519.9759145,1.206,1.164,1.29,1.257,1.034,1.192,1.269,1.075,0.873,11.51111111,0,NA
Control,C,2,1,Late,169,180,0.71,4.04,NA,NA,189,122.02,11.1,11.76,11.03,11.29666667,3,yes,yes,9,12,11,10.66666667,121.4542282,1.459,1.738,1.546,1.375,1.118,1.368,1.659,1.491,1.579,14.81444444,0,NA
Control,C,2,4,Late,179,182,0.75,3.13,NA,NA,197,108.79,9.37,9.25,12.04,10.22,3,yes,yes,10,8,6,8,91.09067116,1.9,1.374,1.154,2.066,1.608,1.448,1.649,1.676,1.769,16.27111111,0,NA
Control,D,1,2,LateIntermediate,41,180,1.25,4.73,NA,NA,188,121.11,13.07,10.66,12,11.91,3,yes,yes,10,8,8,8.666666667,98.68156042,1.733,1.621,1.91,1.321,1.819,1.809,2.128,1.879,1.824,17.82666667,0,NA
Control,D,1,3,LateIntermediate,47,180,1.34,2.59,NA,NA,191,58.94,9.44,8.85,9.79,9.36,3,yes,yes,19,18,18,18.33333333,208.7494547,1.428,1.24,1.333,1.493,1.501,1.262,1.384,1.413,1.473,13.91888889,0,NA
Control,D,1,4,LateIntermediate,76,180,1.33,3.9,NA,NA,191,180.13,9.59,12.16,11.22,10.99,3,yes,yes,14,14,13,13.66666667,155.6132299,1.545,1.743,1.715,1.895,1.395,1.323,1.467,1.768,1.902,16.39222222,0,NA
Control,D,1,5,LateIntermediate,135,180,0.86,1.37,NA,NA,NA,NA,NA,NA,NA,NA,3,yes,yes,27,28,20,25,284.6583474,1.299,0.965,0.849,0.965,0.95,1.053,1.155,1.181,0.888,10.33888889,0,NA
Control,D,1,6,LateIntermediate,153,180,0.99,2.36,NA,NA,195,115.56,7.87,9.88,7.83,8.526666667,3,yes,yes,7,8,12,9,102.4770051,1.963,1.906,2.32,1.693,1.957,1.798,1.698,1.334,1.711,18.2,0,NA
Control,D,1,1,LateIntermediate,174,179,0.62,2.42,measured directly below cotelydon,NA,188,129.58,9.99,11.14,10.22,10.45,3,yes,yes,9,8,10,9,102.4770051,1.464,1.51,1.515,1.497,1.282,1.511,1.774,1.577,1.584,15.23777778,1,0.1423
Control,D,2,4,Late,44,183,0.95,2.74,NA,NA,189,136.72,11.27,12.39,10.07,11.24333333,3,yes,yes,7,5,6,6,68.31800337,1.979,1.852,2.115,2.195,1.84,2.116,1.946,1.85,1.613,19.45111111,1,0.2323
Control,D,2,2,Late,52,182,0.98,2.19,NA,NA,190,79.55,8.13,8.8,9.48,8.803333333,3,yes,yes,21,33,27,27,307.4310152,1.542,1.476,1.372,1.296,1.036,0.938,1.227,1.348,1.397,12.92444444,0,NA
Control,D,2,5,Late,66,183,1.49,3.7,NA,NA,188,177.74,13.53,9.85,12.51,11.96333333,3,yes,yes,6,6,8,6.666666667,75.90889263,1.769,1.641,1.928,1.645,2.06,1.555,2.033,1.524,1.839,17.77111111,1,0.2256
Control,D,2,3,Late,90,182,1.59,2.95,NA,NA,188,132.28,8.89,10.06,12.9,10.61666667,3,yes,yes,10,9,9,9.333333333,106.2724497,1.638,1.511,1.52,1.98,1.749,2.037,1.886,2.109,1.894,18.13777778,0,NA
Control,D,2,6,Late,170,185,1.15,2.99,NA,NA,198,135.71,11.13,10.14,10.02,10.43,3,yes,yes,9,8,7,8,91.09067116,1.682,1.764,1.686,1.712,1.765,1.721,1.704,1.583,1.662,16.97666667,0,NA
Control,D,2,1,Late,171,180,0.68,4.02,NA,NA,194,57.4,11.2,9.43,11.13,10.58666667,3,yes,yes,19,18,22,19.66666667,223.9312333,1.398,1.432,1.184,1.48,1.425,1.595,1.345,1.374,1.442,14.08333333,0,NA
Control,E,1,1,Early,55,179,1.51,3.13,NA,NA,186,150.52,13.33,13.56,14.19,13.69333333,3,yes,yes,11,10,9,10,113.8633389,1.745,1.665,1.625,1.783,1.941,1.566,1.699,1.843,1.822,17.43222222,1,1.1143
Control,E,1,2,Early,62,179,1.56,5.79,measured directly below cotelydon,NA,191,141.09,10.41,9.92,11.23,10.52,3,yes,yes,13,11,14,12.66666667,144.226896,1.59,1.382,1.093,1.549,1.262,1.409,1.36,1.151,1.194,13.32222222,1,0.4601
Control,E,1,3,Early,67,179,1.39,3.22,measured directly below cotelydon,NA,186,161.52,12.87,15.01,14.9,14.26,3,yes,yes,4,7,8,6.333333333,72.113448,1.969,1.635,1.53,1.74,1.847,2.186,2.119,2.249,1.823,18.99777778,1,0.9356
Control,E,1,4,Early,73,179,1.13,3.34,NA,NA,188,97.85,12.03,8.49,11.77,10.76333333,3,yes,yes,7,8,13,9.333333333,106.2724497,1.772,2.035,1.736,1.885,1.809,1.591,1.391,1.493,1.907,17.35444444,0,NA
Control,E,1,5,Early,80,179,1.73,5.05,NA,NA,187,135.46,14.39,12.06,12.24,12.89666667,3,yes,yes,8,13,12,11,125.2496728,1.572,1.551,1.551,1.634,1.546,1.444,1.492,1.373,1.453,15.12888889,1,0.1406
Control,E,1,6,Early,86,179,1.11,2.53,NA,NA,187,156.85,10.67,11.75,10.81,11.07666667,3,yes,yes,10,9,12,10.33333333,117.6587836,1.534,1.583,1.62,1.724,1.298,1.464,1.612,1.6,1.593,15.58666667,1,0.4355
Control,E,2,1,EarlyIntermediate,134,179,1.11,2.23,NA,NA,197,127.68,10.84,12.15,11.43,11.47333333,3,yes,yes,20,26,20,22,250.4993457,1.135,1.331,1.147,1.303,1.164,1.271,1.356,1.106,0.986,11.99888889,0,NA
Control,E,2,2,EarlyIntermediate,143,179,1.1,1.92,NA,NA,191,103.66,9.3,9.14,11.39,9.943333333,3,yes,yes,17,16,16,16.33333333,185.9767869,1.388,1.415,1.381,1.397,1.337,1.483,1.484,1.605,1.431,14.35666667,1,0.304
Control,E,2,3,EarlyIntermediate,148,179,0.62,2.38,measured directly below the cotelydon,NA,189,93.13,12.77,12.72,11.37,12.28666667,3,yes,yes,10,18,15,14.33333333,163.2041192,1.229,1.268,1.31,1.283,1.287,1.396,1.528,1.456,1.317,13.41555556,0,NA
Control,E,2,4,EarlyIntermediate,155,179,1.12,2.81,NA,NA,187,166.24,14.59,13.92,13.16,13.89,3,yes,yes,12,16,8,12,136.6360067,1.653,1.844,1.645,1.641,1.636,1.566,1.782,1.539,1.859,16.85,1,0.8587
Control,E,2,5,EarlyIntermediate,159,179,1.15,2.85,NA,NA,187,133.7,12.26,13.24,14.37,13.89,3,yes,yes,13,10,12,11.66666667,132.8405621,1.521,1.617,1.72,1.722,1.798,1.734,1.609,1.925,1.823,17.18777778,1,0.6695
Control,E,2,6,EarlyIntermediate,164,179,0.84,2.65,NA,NA,187,158.51,11.79,10.7,10.1,13.29,3,yes,yes,16,14,13,14.33333333,163.2041192,1.761,1.739,1.536,1.696,1.644,1.646,1.998,1.882,1.692,17.32666667,1,0.3484
Control,F,1,1,Early,56,179,1.51,2.94,NA,NA,188,116.29,13.5,12.72,13.72,10.86333333,3,yes,yes,8,12,9,9.666666667,110.0678943,1.879,1.567,1.619,1.761,1.73,1.221,1.715,1.895,1.814,16.89,1,0.115
Control,F,1,2,Early,63,179,1.1,3.97,measured directly below cotelydon,NA,189,114.9,12.37,12.41,10.33,11.70333333,3,yes,yes,12,7,7,8.666666667,98.68156042,2.042,1.72,1.628,1.959,1.789,1.764,1.625,1.161,2.047,17.48333333,1,0.2431
Control,F,1,3,Early,69,179,1.26,3.68,NA,NA,187,180.33,10.42,11.43,12.17,11.34,3,yes,yes,15,11,10,12,136.6360067,1.59,1.468,1.482,1.555,1.575,1.83,1.533,1.516,1.467,15.57333333,1,0.402
Control,F,1,4,Early,74,179,1.07,2.61,NA,NA,186,130.76,13.37,11.05,11.4,11.94,3,yes,yes,13,10,9,10.66666667,121.4542282,1.573,1.542,1.543,1.571,1.707,1.453,1.576,1.53,1.391,15.42888889,1,0.7367
Control,F,1,5,Early,81,179,1.09,2.48,measured directly below cotelydon,NA,188,91.54,14.77,12.39,13.72,13.62666667,3,yes,yes,10,14,11,11.66666667,132.8405621,1.743,1.6,1.548,1.629,1.56,1.283,1.494,1.454,1.379,15.21111111,1,0.4719
Control,F,1,6,Early,87,179,1,3.35,NA,NA,188,138.95,10.9,10.24,9.35,10.16333333,3,yes,yes,20,16,15,17,193.5676762,1.711,1.547,1.589,1.926,1.634,1.667,1.528,1.561,1.619,16.42444444,1,0.4852
Control,F,2,1,EarlyIntermediate,138,179,1.29,2.33,measured directly below the cotelydon,NA,189,100.4,13.22,13.98,12.11,13.10333333,3,yes,yes,14,11,13,12.66666667,144.226896,1.416,1.272,1.192,1.555,1.672,1.563,1.342,1.495,1.326,14.25888889,1,0.1743
Control,F,2,2,EarlyIntermediate,144,179,1.23,2.36,NA,NA,190,96.44,11.59,11.22,11.72,11.51,3,yes,yes,11,9,10,10,113.8633389,1.953,1.874,1.48,1.914,1.663,1.425,1.89,1.49,1.759,17.16444444,0,NA
Control,F,2,3,EarlyIntermediate,151,179,1.31,3.52,measured directly below the cotelydon,NA,191,38.12,10.46,9.95,10.45,10.28666667,3,yes,yes,21,13,18,17.33333333,197.3631208,1.37,1.388,1.266,1.376,1.145,1.265,1.249,1.315,1.282,12.95111111,1,0.7825
Control,F,2,4,EarlyIntermediate,156,179,1.37,3.34,NA,NA,188,124.82,13.65,12.88,14.12,13.55,3,yes,yes,14,13,11,12.66666667,144.226896,1.534,1.601,1.613,1.759,1.427,1.621,1.665,1.752,1.635,16.23,1,0.4295
Control,F,2,5,EarlyIntermediate,161,179,1.27,4.43,NA,NA,188,113.79,10.98,11.54,11.59,11.37,3,yes,yes,8,10,8,8.666666667,98.68156042,1.65,1.918,1.365,1.542,1.529,1.728,1.736,1.799,1.657,16.58222222,1,1.149
Control,F,2,6,EarlyIntermediate,165,179,0.76,3.67,NA,NA,190,123.94,11.05,11.78,11.21,11.34666667,3,yes,yes,16,20,17,17.66666667,201.1585655,1.742,1.457,1.015,1.624,1.715,1.675,1.478,1.077,1.748,15.03444444,1,1.0361
Control,G,1,2,LateIntermediate,43,180,1.26,3.54,NA,NA,186,137.25,14.05,12.44,12.58,13.02333333,3,yes,yes,10,9,7,8.666666667,98.68156042,1.854,1.856,1.832,1.601,1.527,1.685,1.601,1.353,1.318,16.25222222,1,0.0844
Control,G,1,5,LateIntermediate,53,180,1.2,2.48,NA,NA,187,82.07,12.54,13.1,14.17,13.27,3,yes,yes,17,19,15,17,193.5676762,1.561,1.507,1.489,1.394,1.439,1.405,1.621,1.391,1.457,14.73777778,1,0.0559
Control,G,1,4,LateIntermediate,79,180,1.19,4.54,NA,NA,193,189.05,12.76,12.52,12.63,12.63666667,3,yes,yes,10,9,11,10,113.8633389,1.686,1.664,1.926,1.755,1.92,1.732,1.579,2.022,1.726,17.78888889,1,0.3671
Control,G,1,3,LateIntermediate,137,180,0.76,3.02,NA,NA,193,52.36,9.49,8.63,12.61,10.24333333,3,yes,yes,15,22,9,15.33333333,174.590453,1.394,1.25,1.44,1.348,1.527,1.359,1.299,1.351,1.379,13.71888889,0,NA
Control,G,1,6,LateIntermediate,160,180,1.29,2.49,NA,NA,188,110.33,12.37,12.66,12.53,12.52,3,yes,yes,16,17,12,15,170.7950084,1.837,1.794,1.405,1.485,1.587,1.617,1.097,1.566,1.627,15.57222222,1,0.1177
Control,G,1,1,LateIntermediate,176,179,1.11,3.74,NA,NA,187,104.63,11.94,9.37,12.39,11.23333333,3,yes,yes,9,9,9,9,102.4770051,1.816,1.65,1.663,1.703,1.609,1.427,1.558,1.702,1.522,16.27777778,0,NA
Control,G,2,4,Late,50,183,1.01,4.11,NA,NA,193,171.36,7.99,8.66,11.19,9.28,3,yes,yes,11,10,9,10,113.8633389,1.556,1.575,1.471,1.589,1.54,1.621,1.752,1.544,1.48,15.69777778,0,NA
Control,G,2,2,Late,58,182,1.35,5.68,NA,NA,191,142.92,11.28,9.45,11.92,10.88333333,3,yes,yes,13,21,15,16.33333333,185.9767869,1.436,1.525,1.329,1.499,1.488,1.862,1.626,1.395,1.183,14.82555556,0,NA
Control,G,2,3,Late,92,182,0.85,3.58,measured directly below the cotelydon,NA,197,111.44,9.49,7.37,8.46,8.44,3,yes,yes,17,15,14,15.33333333,174.590453,1.232,1.45,1.432,1.269,1.198,1.332,1.178,0.987,1.083,12.40111111,1,0.6324
Control,G,2,5,Late,168,183,0.81,4.47,NA,NA,191,102.91,13.68,12.97,12.88,13.17666667,3,yes,yes,12,15,12,13,148.0223406,1.529,1.617,1.449,1.331,1.477,1.547,1.519,1.506,1.411,14.87333333,0,NA
Control,G,2,6,Late,172,186,0.35,1.23,NA,NA,197,62.46,8.16,NA,NA,8.16,3,yes,yes,17,19,15,17,193.5676762,1.619,1.425,1.129,1.61,1.636,1.343,1.625,1.704,1.913,15.56,0,NA
Control,G,2,1,Late,173,180,0.85,1.78,measured directly below the cotelydon,NA,197,46.95,6.81,6.21,5.5,6.173333333,3,yes,yes,24,20,21,21.66666667,246.703901,1.447,1.246,1.464,1.165,1.45,1.271,1.124,0.942,1.345,12.72666667,0,NA
Control,H,1,2,LateIntermediate,45,180,1.42,3.28,NA,NA,185,103.24,12.73,12.11,12.87,12.57,3,yes,yes,10,6,6,7.333333333,83.49978189,2.01,1.815,1.945,1.934,2.326,1.852,1.86,2.254,2.131,20.14111111,1,0.8951
Control,H,1,3,LateIntermediate,72,180,1.08,2.73,NA,NA,188,91.78,14.17,12.37,12.44,12.99333333,3,yes,yes,9,11,11,10.33333333,117.6587836,1.528,1.577,1.471,1.657,1.443,1.598,1.395,1.514,1.394,15.08555556,1,0.4278
Control,H,1,4,LateIntermediate,85,180,1.12,3.41,NA,NA,192,172.02,11.21,10.87,11.84,11.30666667,3,yes,yes,8,7,4,6.333333333,72.113448,2.271,2.104,2.201,1.881,2.021,2.1,2.124,2.321,2.572,21.77222222,0,NA
Control,H,1,5,LateIntermediate,141,180,1.07,2.41,NA,NA,190,136.05,14.35,12.76,13.16,13.42333333,NA,NA,NA,NA,NA,NA,NA,#VALUE!,NA,NA,NA,NA,NA,NA,NA,NA,NA,#DIV/0!,1,0.2751
Control,H,1,6,LateIntermediate,167,180,0.92,4.41,NA,NA,188,88.37,14.49,11.1,11.66,12.41666667,3,yes,yes,10,13,11,11.33333333,129.0451175,1.957,1.811,1.88,1.67,1.808,1.666,1.679,1.583,1.826,17.64444444,1,0.4269
Control,H,1,1,LateIntermediate,177,179,0.9,2.68,measured directly below cotelydon,NA,187,75.55,12.07,11.51,12.1,11.89333333,3,yes,yes,9,13,9,10.33333333,117.6587836,1.615,1.496,1.669,1.5,1.445,1.715,1.645,1.677,1.453,15.79444444,1,0.1697
Control,H,2,1,Late,42,182,0.87,1.7,NA,NA,NA,NA,NA,NA,NA,NA,3,yes,yes,7,9,10,8.666666667,98.68156042,1.862,2.009,2.065,1.904,1.867,1.457,1.745,1.949,2.125,18.87,0,NA
Control,H,2,4,Late,54,183,1.29,5.29,NA,NA,194,95.15,10.63,9.15,10.57,10.11666667,3,yes,yes,8,9,11,9.333333333,106.2724497,1.625,1.685,1.891,1.489,1.518,1.617,1.694,1.515,1.545,16.19888889,1,0.5761
Control,H,2,2,Late,61,182,1.11,3.73,NA,NA,187,141.82,12.2,11.78,12.49,12.15666667,3,yes,yes,9,11,7,9,102.4770051,1.547,1.684,1.668,1.787,1.757,1.519,1.807,1.881,1.917,17.29666667,1,0.4146
Control,H,2,3,Late,147,188,0.73,4.37,NA,NA,191,90.22,10.94,12.77,12.05,11.92,3,yes,yes,16,14,18,16,182.1813423,1.152,1.152,1.288,1.371,1.443,1.308,1.355,1.48,1.338,13.20777778,0,NA
Control,H,2,6,Late,68,188,0.56,3.03,NA,NA,204,236.28,12.64,12.66,14.69,13.33,3,yes,yes,28,21,22,23.66666667,269.4765688,1.141,1.221,1.112,1.537,1.818,1.651,1.303,1.115,1.157,13.39444444,0,NA
Control,H,2,5,Late,150,183,0.64,3.58,NA,NA,200,180.61,8.69,10.88,9.03,9.533333333,3,yes,yes,15,17,20,17.33333333,197.3631208,1.131,1.223,1.301,1.45,1.529,1.398,1.389,1.021,1.142,12.87111111,0,NA
Warm,A,1,1,Early,1,179,1.35,3.06,measured directly below cotelydon,NA,187,166.34,9.99,9.12,9.01,9.373333333,3,yes,yes,7,9,6,7.333333333,83.49978189,2.22,2.02,2.183,1.889,2.213,2.228,2.082,2.017,2.009,20.95666667,1,0.0667
Warm,A,1,2,Early,17,179,1.56,4.83,NA,200,191,205.9,7.14,8.39,10.61,8.713333333,3,yes,yes,15,17,15,15.66666667,178.3858977,1.86,1.754,1.896,1.745,1.708,1.696,1.819,1.776,1.675,17.69888889,0,NA
Warm,A,1,3,Early,23,179,1.54,2.73,NA,200,185,131.03,10.22,8.7,9.24,9.386666667,3,yes,yes,10,8,11,9.666666667,110.0678943,2.008,1.411,1.873,1.841,2.15,2.268,1.789,1.983,2.268,19.54555556,0,NA
Warm,A,1,4,Early,28,179,1.44,2.98,NA,200,184,112.42,7.44,9.89,7.55,8.293333333,3,yes,yes,13,14,16,14.33333333,163.2041192,1.439,1.997,1.813,1.783,1.703,1.65,1.703,1.66,1.555,17.00333333,1,0.0122
Warm,A,1,5,Early,35,179,1.26,3.47,measured directly below cotelydon,NA,185,83.94,8.55,10.93,8.95,9.476666667,3,yes,yes,12,14,12,12.66666667,144.226896,2.196,1.861,2.208,2.068,2.341,1.937,1.744,2.139,1.984,20.53111111,1,0.0386
Warm,A,1,6,Early,110,179,1.22,3.07,NA,200,184,104.79,8.11,9.22,12.14,9.823333333,3,yes,yes,7,9,7,7.666666667,87.29522652,2.401,2.479,2.015,2.408,2.069,2.375,2.512,2.557,2.136,23.28,0,NA
Warm,A,2,3,EarlyIntermediate,4,180,1.47,3.94,NA,NA,188,172.63,9.02,9.78,8.73,9.176666667,3,yes,yes,8,9,7,8,91.09067116,2.085,1.428,2.122,2.449,2.389,2.236,2.218,1.712,1.948,20.65222222,0,NA
Warm,A,2,6,EarlyIntermediate,26,182,1.39,5.11,NA,NA,190,184.36,8.29,8.52,9.03,8.613333333,3,yes,yes,12,13,14,13,148.0223406,1.638,1.696,1.34,1.508,1.862,1.772,1.927,1.703,1.485,16.59,0,NA
Warm,A,2,4,EarlyIntermediate,105,180,0.92,3.18,NA,NA,192,249.24,6.52,9.25,9.88,8.55,3,yes,yes,9,13,11,11,125.2496728,1.781,1.557,1.649,1.621,1.528,1.571,1.826,1.441,1.646,16.24444444,0,NA
Warm,A,2,1,EarlyIntermediate,119,179,0.94,3.48,NA,200,184,174.24,9.14,8.44,10.41,9.33,3,yes,yes,9,6,14,9.666666667,110.0678943,2.308,1.541,2.133,1.906,1.875,2.035,1.702,1.606,1.896,18.89111111,0,NA
Warm,A,2,5,EarlyIntermediate,122,180,0.87,2.91,NA,NA,188,127.43,7.95,7.36,9.01,8.106666667,3,yes,yes,13,14,12,13,148.0223406,1.615,1.554,1.697,1.711,1.597,1.81,1.546,1.691,1.729,16.61111111,0,NA
Warm,A,2,2,EarlyIntermediate,128,179,0.92,2.12,NA,NA,191,43.09,2.04,8.29,5,5.11,3,yes,yes,11,12,13,12,136.6360067,1.475,1.44,1.542,1.212,1.59,1.435,1.472,1.48,1.213,14.28777778,0,NA
Warm,B,1,1,Early,7,179,0.77,2.69,NA,NA,188,117.26,10.24,11.2,11.6,11.01333333,3,yes,yes,17,14,15,15.33333333,174.590453,1.974,2.002,1.971,1.819,1.899,2.282,1.787,2.168,1.83,19.70222222,0,NA
Warm,B,1,2,Early,19,179,1.21,3.65,NA,NA,185,82.87,10.68,8.55,11.84,10.35666667,3,yes,yes,12,13,10,11.66666667,132.8405621,2.275,2.259,2.269,2.321,2.385,2.279,1.843,2.31,2.163,22.33777778,0,NA
Warm,B,1,3,Early,24,179,1.25,3.4,NA,NA,190,142.73,9.27,7.99,9.51,8.923333333,3,yes,yes,9,10,8,9,102.4770051,2.367,1.771,2.057,1.939,1.912,2.11,2.32,1.917,1.788,20.20111111,0,NA
Warm,B,1,4,Early,30,179,1.33,2.58,NA,NA,187,96.38,10.54,9.98,8.02,9.513333333,3,yes,yes,12,10,14,12,136.6360067,1.799,1.815,2.093,2.399,2.399,2.222,1.888,1.577,2.109,20.33444444,1,0.0245
Warm,B,1,5,Early,101,182,0.8,1.31,NA,NA,185,73.55,7.43,6.68,5.63,6.58,3,yes,yes,20,26,12,19.33333333,220.1357886,1.477,1.719,1.513,1.645,1.584,1.879,1.288,1.807,1.851,16.40333333,0,NA
Warm,B,1,6,Early,111,179,1.47,5.26,measured directly below cotelydon,NA,187,157.07,8.78,8.97,9.18,8.976666667,3,yes,yes,9,5,9,7.666666667,87.29522652,2.291,2.168,2.277,2.35,1.956,2.315,2.284,2.088,1.974,21.89222222,0,NA
Warm,B,2,3,EarlyIntermediate,6,180,0.72,1.81,NA,NA,193,96.85,10.8,10.01,9.28,10.03,3,yes,yes,15,16,13,14.66666667,166.9995638,1.433,1.775,1.763,1.584,1.937,1.909,1.689,1.627,1.609,17.02888889,0,NA
Warm,B,2,6,EarlyIntermediate,31,182,0.7,2.47,NA,NA,193,132.41,6.4,9,9.62,8.34,3,yes,yes,10,9,11,10,113.8633389,1.69,1.422,1.629,1.613,1.367,1.257,1.588,1.19,1.472,14.69777778,0,NA
Warm,B,2,4,EarlyIntermediate,108,180,0.68,5.26,measured directly below cotelydon,NA,192,216.31,9.67,8.95,9.58,9.4,3,yes,yes,7,9,8,8,91.09067116,1.96,1.766,1.694,1.54,1.871,2.021,1.744,1.799,1.868,18.07,0,NA
Warm,B,2,1,EarlyIntermediate,124,179,1.36,3.31,measured directly below cotelydon,NA,185,90.45,10.01,9.47,8.73,9.403333333,3,yes,yes,5,6,5,5.333333333,60.7271141,1.711,1.768,1.797,1.968,1.751,1.961,1.89,1.901,1.724,18.30111111,0,NA
Warm,B,2,2,EarlyIntermediate,129,179,1.25,2.63,NA,NA,185,76.51,10.35,10.97,9.79,10.37,3,yes,yes,14,14,14,14,159.4086745,1.681,2.231,1.945,1.99,1.892,1.904,1.896,1.584,1.948,18.96777778,1,0.0174
Warm,B,2,5,EarlyIntermediate,130,180,0.81,3.56,measured directly below cotelydon,NA,189,134.19,7.81,8.14,7.28,7.743333333,3,yes,yes,10,11,8,9.666666667,110.0678943,2.004,1.699,1.793,1.731,1.789,2.066,2.019,1.824,1.938,18.73666667,0,NA
Warm,C,1,5,LateIntermediate,5,185,0.8,3.82,NA,NA,195,245.54,9.82,10.06,9.25,9.71,3,yes,yes,9,11,11,10.33333333,117.6587836,1.787,1.923,2.291,1.979,2.187,1.687,2.207,2.117,1.949,20.14111111,0,NA
Warm,C,1,6,LateIntermediate,13,185,0.95,4.72,NA,NA,194,224.61,8.3,8.06,9.12,8.493333333,3,yes,yes,9,12,8,9.666666667,110.0678943,1.863,2,1.981,1.842,1.752,2.112,1.872,2.098,1.483,18.89222222,0,NA
Warm,C,1,1,LateIntermediate,38,182,1.78,3.96,measured directly below the cotelydon,NA,196,196.1,10.29,10.37,9.8,10.15333333,3,yes,yes,13,22,19,18,204.9540101,1.941,2.181,1.885,1.639,1.682,1.78,2.045,1.89,1.992,18.92777778,0,NA
Warm,C,1,3,LateIntermediate,96,185,0.93,2.37,NA,NA,NA,NA,NA,NA,NA,NA,3,yes,yes,14,12,12,12.66666667,144.226896,1.856,1.781,1.476,1.696,1.567,1.789,1.815,1.58,1.815,17.08333333,0,NA
Warm,C,1,2,LateIntermediate,102,182,0.8,1.59,dead. 8/3,NA,NA,NA,NA,NA,NA,NA,3,yes,yes,34,44,31,36.33333333,413.7034648,1.397,1.316,1.676,1.43,1.734,1.554,1.02,1.477,1.361,14.40555556,0,NA
Warm,C,1,4,LateIntermediate,123,185,0.84,8.02,NA,NA,195,292.04,9.13,10.87,10.49,10.16333333,3,yes,yes,14,12,13,13,148.0223406,2.066,1.913,1.861,1.937,1.963,2.136,1.821,1.871,2.069,19.59666667,0,NA
Warm,C,2,2,Late,2,188,0.89,5.25,measured directly below the cotelydon,NA,197,129.32,7.2,8.23,7.37,7.6,3,yes,yes,14,12,12,12.66666667,144.226896,2.116,2.194,2.001,1.838,2.231,2.273,1.948,1.914,2.065,20.64444444,0,NA
Warm,C,2,1,Late,100,179,0.75,2.63,dead 8/3,NA,194,89.43,7.16,10.71,9.99,9.286666667,3,yes,yes,13,13,16,14,159.4086745,1.739,2.169,1.963,1.82,2.115,2.323,1.831,1.84,2.1,19.88888889,0,NA
Warm,C,2,3,Late,120,186,0.89,5.37,NA,NA,208,279.54,10.02,10.41,9.33,9.92,3,yes,yes,9,12,11,10.66666667,121.4542282,1.883,2.056,2.302,1.92,2.056,1.71,1.926,2.008,1.946,19.78555556,0,NA
Warm,D,1,5,LateIntermediate,8,185,0.97,3.86,NA,NA,193,221.24,9.18,8.64,9.27,9.03,3,yes,yes,17,18,18,17.66666667,201.1585655,1.843,1.546,1.815,1.848,1.613,1.741,1.465,1.44,1.538,16.49888889,0,NA
Warm,D,1,6,LateIntermediate,15,185,0.42,2.18,NA,NA,201,313.6,8.32,8.61,8.46,8.463333333,3,yes,yes,21,27,26,24.66666667,280.8629027,1.598,1.481,1.536,1.434,1.776,1.543,1.669,1.81,1.677,16.13777778,0,NA
Warm,D,1,1,LateIntermediate,39,182,1.41,5.85,NA,NA,194,224.83,9.36,9.63,11.58,10.19,3,yes,yes,15,17,18,16.66666667,189.7722316,1.533,1.66,1.649,1.552,1.619,1.485,1.655,1.362,1.76,15.86111111,0,NA
Warm,D,1,4,LateIntermediate,98,185,0.94,5.03,measured directly below the cotelydon,NA,192,162.78,14.31,13.24,11.92,13.15666667,3,yes,yes,12,9,12,11,125.2496728,1.905,1.71,1.826,1.97,1.993,1.787,2.025,2.133,2.182,19.47888889,0,NA
Warm,D,1,3,LateIntermediate,103,185,0.98,3.16,measured directly below the cotelydon,NA,193,176.76,7.07,7.83,8.25,7.716666667,3,yes,yes,11,18,17,15.33333333,174.590453,1.876,1.812,1.635,1.762,1.977,2.097,1.905,2.004,1.875,18.82555556,0,NA
Warm,D,1,2,LateIntermediate,121,182,0.95,5.22,NA,NA,191,101.28,9.28,10.33,7.12,8.91,3,yes,yes,11,12,9,10.66666667,121.4542282,1.666,1.556,1.614,2.059,1.748,1.835,1.761,1.826,1.7,17.51666667,0,NA
Warm,D,2,1,Late,104,187,1.35,5.29,NA,NA,209,310.58,8.21,9.14,10.74,9.363333333,3,yes,yes,13,9,10,10.66666667,121.4542282,1.642,1.832,1.981,1.925,1.88,1.796,1.666,1.688,1.757,17.96333333,0,NA
Warm,D,2,2,Late,113,188,0.98,4.48,NA,NA,196,306.91,8.27,11.39,8.6,9.42,3,yes,yes,19,24,17,20,227.7266779,1.797,1.665,1.757,1.865,1.726,2.017,2.059,1.82,2.29,18.88444444,0,NA
Warm,D,2,1,Late,106,187,0.46,3.11,NA,NA,194,155.27,8.51,8.93,9.05,8.83,3,yes,yes,12,14,11,12.33333333,140.4314514,1.745,1.66,1.804,1.751,1.68,1.732,1.58,1.663,1.832,17.16333333,0,NA
Warm,E,1,1,Early,9,179,1.3,3.07,NA,NA,191,175.95,9.56,10.29,10.04,9.963333333,3,yes,yes,10,12,8,10,113.8633389,2.394,2.26,2.441,2.281,2.404,1.807,2.164,1.86,2.35,22.17888889,0,NA
Warm,E,1,2,Early,20,179,1.8,3.17,NA,NA,184,69.86,10.52,10.16,10.11,10.26333333,3,yes,yes,13,14,15,14,159.4086745,1.837,1.701,1.745,1.545,1.814,2.019,1.734,1.814,2.036,18.05,0,NA
Warm,E,1,3,Early,25,179,1.33,3.03,NA,NA,188,176.89,9.17,9.65,9.41,9.41,3,yes,yes,8,5,8,7,79.70433726,2.522,2.2,2.515,2.041,2.062,2.115,2.331,2.326,2.062,22.41555556,1,0.0629
Warm,E,1,4,Early,32,179,1.1,2.93,NA,NA,190,138.3,8.31,8.27,8.63,8.403333333,3,yes,yes,10,16,18,14.66666667,166.9995638,1.489,1.555,1.375,1.404,1.647,1.672,1.52,1.447,1.691,15.33333333,1,0.0536
Warm,E,1,5,Early,107,179,0.82,3.65,NA,NA,199,140.12,10.41,8.84,10.28,9.843333333,3,yes,yes,6,8,6,6.666666667,75.90889263,2.152,2.177,2.253,1.896,2.371,1.966,2.083,2.294,2.018,21.34444444,0,NA
Warm,E,1,6,Early,114,179,1.1,2.7,NA,NA,187,151.12,9.98,9.44,8.04,9.153333333,3,yes,yes,7,7,7,7,79.70433726,2.217,1.96,2.269,2.374,2.118,2.208,2.181,2.166,2.168,21.84555556,0,NA
Warm,E,2,5,EarlyIntermediate,16,182,0.82,4.52,NA,NA,193,153.53,5.9,9.58,9.22,8.23,3,yes,yes,9,6,8,7.666666667,87.29522652,1.76,1.599,2.224,1.901,1.691,1.854,2.003,2.021,1.556,18.45444444,0,NA
Warm,E,2,3,EarlyIntermediate,29,180,1.38,4.29,NA,NA,190,155.23,10.41,9.28,10.31,10,3,yes,yes,16,16,16,16,182.1813423,1.858,2.081,2.166,2.113,1.873,2.211,2.123,2.13,1.993,20.60888889,0,NA
Warm,E,2,6,EarlyIntermediate,36,182,1.04,1.4,NA,NA,193,135.24,7.94,8.84,8.22,8.333333333,3,yes,yes,13,14,15,14,159.4086745,1.581,1.57,1.689,1.485,1.872,1.643,1.825,1.611,1.911,16.87444444,0,NA
Warm,E,2,4,EarlyIntermediate,112,180,1.46,6.25,measured directly below cotelydon,NA,196,159.14,10.79,10.6,9.52,10.30333333,3,yes,yes,8,9,8,8.333333333,94.88611579,1.696,1.653,1.823,1.852,1.757,1.958,1.69,1.734,1.949,17.90222222,0,NA
Warm,E,2,1,EarlyIntermediate,125,179,1.6,4.77,NA,NA,188,93.67,11.5,10.6,10.63,10.91,3,yes,yes,16,19,16,17,193.5676762,1.775,1.809,1.493,1.527,1.549,1.474,1.732,1.653,1.649,16.29,0,NA
Warm,E,2,2,EarlyIntermediate,132,179,1.19,1.82,measured directly below cotelydon,NA,184,78.42,10.91,12.19,11.1,11.4,3,yes,yes,7,10,8,8.333333333,94.88611579,1.963,1.934,1.98,1.782,2.192,2.231,2.213,1.872,1.958,20.13888889,0,NA
Warm,F,1,1,Early,11,179,1.46,2.4,NA,NA,190,139.99,10.69,11.06,9.03,10.26,3,yes,yes,8,10,8,8.666666667,98.68156042,1.597,1.822,1.776,1.635,1.735,1.606,1.854,2.095,1.797,17.68555556,1,0.0427
Warm,F,1,2,Early,21,179,1.95,3.72,NA,NA,190,138.67,11.05,10.91,11.61,11.19,3,yes,yes,15,19,16,16.66666667,189.7722316,2.131,1.915,1.573,1.921,1.847,1.751,1.866,1.885,1.906,18.66111111,0,NA
Warm,F,1,3,Early,27,179,1.26,2.62,NA,NA,185,111.81,9,9.92,10.72,9.88,3,yes,yes,10,7,8,8.333333333,94.88611579,2.358,1.904,2.407,2.314,2.274,1.917,2.085,2.469,2.428,22.39555556,0,NA
Warm,F,1,4,Early,33,179,1.6,3.26,NA,NA,184,88.82,10.26,9.17,8.64,9.356666667,3,yes,yes,12,11,11,11.33333333,129.0451175,2.195,2.174,2.053,2.215,1.779,2.027,2.222,2.169,2.194,21.14222222,0,NA
Warm,F,1,5,Early,109,179,0.98,2.8,measured directly below cotelydon,NA,188,84.81,7.59,6.35,7.51,7.15,3,yes,yes,5,8,7,6.666666667,75.90889263,1.684,1.598,1.9,1.472,1.678,1.691,1.757,1.313,1.498,16.21222222,0,NA
Warm,F,1,6,Early,118,179,1.49,2.43,NA,NA,188,110.77,11.61,11.56,11.65,11.60666667,3,yes,yes,9,5,6,6.666666667,75.90889263,1.564,1.866,1.753,2.249,1.938,2.061,2.264,2.201,1.841,19.70777778,1,0.4721
Warm,F,2,2,EarlyIntermediate,3,180,0.8,2.57,NA,NA,191,130.74,8.53,8.18,8.38,8.363333333,3,yes,yes,6,6,9,7,79.70433726,1.802,1.786,1.848,1.677,1.797,1.589,1.693,1.61,1.656,17.17555556,1,0.3206
Warm,F,2,6,EarlyIntermediate,34,182,1.32,2.46,NA,NA,185,111.81,11.53,12.19,10.17,11.29666667,3,yes,yes,8,8,9,8.333333333,94.88611579,1.975,1.991,1.876,1.862,1.839,1.576,1.736,1.358,1.484,17.44111111,0,NA
Warm,F,2,3,EarlyIntermediate,93,180,0.62,2.62,measured directly below cotelydon,NA,189,86.69,11.47,9.73,8.92,10.04,3,yes,yes,10,10,7,9,102.4770051,1.609,1.607,1.609,1.682,1.867,1.823,1.353,1.566,1.737,16.50333333,0,NA
Warm,F,2,4,EarlyIntermediate,116,180,1.44,2.9,NA,NA,189,84.85,9.2,8.34,8.39,8.643333333,3,yes,yes,12,12,13,12.33333333,140.4314514,1.356,1.388,1.428,1.536,1.493,1.429,1.444,1.398,1.542,14.46,1,0.0395
Warm,F,2,1,EarlyIntermediate,126,179,1.17,2.57,NA,NA,187,147.78,6.85,10.25,10.44,9.18,3,yes,yes,10,7,6,7.666666667,87.29522652,1.801,1.649,2.034,1.658,1.678,1.99,1.759,1.945,1.725,18.04333333,1,0.2087
Warm,F,2,5,EarlyIntermediate,131,179,1.07,2.14,NA,NA,187,97.82,10.81,8.43,8.49,9.243333333,3,yes,yes,8,7,9,8,91.09067116,2.122,2.311,2.329,2.623,1.93,2.363,2.315,2.506,1.868,22.63,0,NA
Warm,G,1,5,LateIntermediate,10,185,0.68,4.87,NA,NA,193,250.44,10.61,8.71,8.91,9.41,3,yes,yes,22,21,22,21.66666667,246.703901,1.607,1.558,1.388,1.596,1.554,1.295,1.531,1.549,1.487,15.07222222,0,NA
Warm,G,1,6,LateIntermediate,37,185,1.07,3.78,NA,NA,198,268.5,9.6,8.13,9.56,9.096666667,3,yes,yes,9,10,10,9.666666667,110.0678943,1.535,1.754,1.564,1.903,1.663,1.969,1.749,1.825,1.939,17.66777778,0,NA
Warm,G,1,1,LateIntermediate,94,182,0.84,2.64,NA,NA,198,220.68,9.02,8.34,9.17,8.843333333,3,yes,yes,12,11,12,11.66666667,132.8405621,1.707,1.704,1.72,1.873,1.778,1.827,1.864,1.609,1.711,17.54777778,0,NA
Warm,G,1,4,LateIntermediate,99,185,0.84,2.49,measured directly below the cotelydon,NA,192,184.45,8.84,8.46,10.21,9.17,3,yes,yes,44,38,31,37.66666667,428.8852434,1.433,1.213,1.118,1.395,1.123,1.308,1.29,1.059,1.345,12.53777778,1,0.1552
Warm,G,1,3,LateIntermediate,115,185,1.3,3.66,NA,NA,193,268.94,8.89,10.76,8.82,9.49,3,yes,yes,22,20,23,21.66666667,246.703901,1.659,1.601,1.646,1.42,1.534,1.492,1.569,1.75,1.648,15.91,0,NA
Warm,G,1,2,LateIntermediate,127,183,0.93,1.29,measured directly below the cotelydon,NA,220,102.39,4.44,9.11,8.39,7.313333333,3,yes,yes,19,15,14,16,182.1813423,1.582,1.837,1.915,1.62,1.727,1.599,1.898,1.851,1.834,17.62555556,0,NA
Warm,H,1,5,LateIntermediate,12,185,1.32,6.53,NA,NA,196,220.38,11.63,12.32,10.57,11.50666667,3,yes,yes,21,17,18,18.66666667,212.5448994,1.376,1.618,1.531,1.556,1.526,1.601,1.528,1.661,1.515,15.45777778,0,NA
Warm,H,1,4,LateIntermediate,22,182,1.33,4.07,NA,NA,193,212.04,9,8.31,9.35,8.886666667,3,yes,yes,34,27,29,30,341.5900168,1.766,1.702,1.478,1.598,1.741,1.852,1.686,1.912,1.592,17.03,0,NA
Warm,H,2,2,Late,14,186,0.86,3.81,NA,NA,203,392.91,11.21,10.8,9.08,10.36333333,3,yes,yes,12,9,11,10.66666667,121.4542282,1.513,1.741,1.542,1.546,1.617,1.582,1.798,1.622,1.456,16.01888889,0,NA
Warm,H,2,6,LateIntermediate,18,187,0.17,2.55,NA,NA,202,276.37,9.15,9.34,9.02,9.17,3,yes,yes,17,21,17,18.33333333,208.7494547,1.336,1.655,1.621,1.646,1.304,1.709,1.853,1.404,1.624,15.72444444,0,NA
Warm,H,2,2,LateIntermediate,95,185,1.21,3.5,NA,NA,196,198.94,6.97,7.26,8.09,7.44,3,yes,yes,26,23,25,24.66666667,280.8629027,1.533,1.459,1.519,1.428,1.658,1.465,1.751,1.684,1.684,15.75666667,1,0.0092
Warm,H,2,1,LateIntermediate,97,182,0.38,1.63,NA,NA,215,147.08,4.73,4.26,4.96,4.65,3,yes,yes,18,16,19,17.66666667,201.1585655,1.415,0.861,1.423,1.586,1.371,1.518,1.844,1.546,1.461,14.47222222,0,NA
Warm,H,2,3,LateIntermediate,117,185,0.88,3.79,measured directly below cotelydon,NA,192,195.88,8.15,9.84,7.98,8.656666667,3,yes,yes,5,13,8,8.666666667,98.68156042,1.913,2.357,2.054,2.655,2.152,2.364,2.217,2.141,2.042,22.10555556,0,NA
Warm,H,2,1,Late,133,187,1.14,6.63,measured directly below cotelydon,NA,202,259.42,9.65,11.27,10.58,10.5,3,yes,yes,12,11,11,11.33333333,129.0451175,2.137,2.072,1.913,1.786,1.409,1.52,1.538,1.799,1.821,17.77222222,0,NA